id,first_name,last_name,email,address,country,postal
28420,Collen,Elton,celtong@so-net.ne.jp,9277 Melrose Drive,GB,531 36
122506,Vivien,Lafrentz,vlafrentzh@hubpages.com,36402 Southridge Drive,PT,2600-771
883782,Albie,Ainge,aaingei@yolasite.com,26385 Oak Valley Hill,BR,2380-000
6979,Rollins,Fissenden,rfissendenj@instagram.com,74 Hagan Avenue,FR,41CEDEX
45825,Randi,Sannes,rsannesb@sina.com.cn,8 Reinke Place,US,94132
448,Harriett,Zettler,hzettlerc@salon.com,3 Acker Drive,USA,71115
4,Wandie,Doonican,wdoonicand@example.com,9224 Bartelt Park,US,75379
551249,Mable,Cowern,mcowerng@cargocollective.com,8515 Trailsway Trail,USA,97296
904,Brewer,Illingsworth,billingsworth8@nytimes.com,1 Rieder Crossing,CA,N8G-0N3
46691,Thorsten,MacKeller,tmackeller9@chron.com,0 Mosinee Road,CA,B8M 2K8
340267,Jillie,Braidley,jbraidleya@e-recht24.de,1451 Aberg Pass,CA,A0Q1F4
3629,Kalila,Limeburner,klimeburnerb@clickbank.net,8319 Crowley Road,CA,P5Z 8E4
