id,first_name,last_name,email,address,country,postal
2840,Collen,Elton,celtong@so-net.ne.jp,9277 Melrose Drive,GB,82510
06231,Vivien,Lafrentz,vlafrentzh@hubpages.com,11,PT,A260-271
,Albie,Ainge,Aaingei ayolasit .com,2638N5 Oak Valley Hill,,
6979123,Rollins,Fissenden,rfissendenj@instagram.com,74 Hagan Avenue,FR,41355 CEDEX
45825895,Randi,Sannes,rsannesb@sina.com.cn,8 Reinke Place Dr NW SE,U,94132
5162,Harriett,Zettler,hzettlerc@salon.com,234 Northern Drive,USA,711544
287551,Wandie,Doonican,wdoonicand@example.com,9224 Bartelt Park,US,75379
551249432,Mable,Cowern,mcowerng @ cargocollective.com,8515 Trailsway Trail,UsofA,9729
904790,Brewer,Illingsworth,billingsworth8@nytimes.com,1 Rieder Crossing,CA,N8G-0N3
12251,Thorsten,MacKeller,tmackeller9@chron.com,023 Mosinee Road,CA,B8M 2K8
267146,Jillie,Braidley,jbraidleyae@recht24.de,1451 Aberg Pass Other,CA,A0Q1F4
36291053,Kalila Amanda,Limeburner,klimeburnerb@clickbank net,,CA,P5Z/8E4
