id,first_name,last_name,email,address,country,postal
950837,Adelheid,Janaud,ajanaud0@home.pl,0839 Quincy Park,BE,9404
45069997,Bianca,,bbradfield1@digg.com,794 Pawling Terrace,PE,
22508930,Windham,Caird,,18655 Pankratz Street,EG,
108450,Carlin,Poulton,cpoulton3@blogspot.com,411 Victoria Road,,68137
49548785,Hartwell,Rofe,hrofe4@senate.gov,3 Reinke Hill,ID,
80375035,Red,Duxbury,rduxbury5@yelp.com,114 Welch Point,BD,7521
93894362,Carson IV,Whitechurch,vlafrentzh hubpages com,82853 Hoepker Street,CN,
94835466,Andy,Alastair,aalastair7@blogspot.com,133 Lakewood Gardens Hill St. NE,,681 37
39583105,Florella,Tomasz,ftomasz8@ebay.co.uk,3994 Superior Point,BR,89665-000
7600896,Stanwood,Benley,sbenley9@discovery.com,6935 Westridge Court,ZA,8874
88121593,Garv,Ainsby,,15 Esker Circle,CN,
,Dixie,,dondricekb@biglobe.ne.jp,,FR,84964 CEDEX
57907425,Oralie,Duffil-Dunn,oduffilc@cnet.com,85470 Jana Park,UY,
81360093,Fowler,Dedon,,77136 Havey Place,CN,
98849057,Madelyn Angela,Mapplethorpe,mmapplethorpee@unblog.fr,973 Northwestern Avenue,ID,
,Faber,Yellep,fyellepf@shinystat.com,47 Bultman Court,IQ,
30728420,Collen,Elton,celtong@so-net.ne.jp,9277 Melrose Drive,,531 36
74122506,Vivien Lee,Lafrentz,vlafrentzh@hubpages.com,36402 Southridge Drive,PT,2600-771
883782,Albie,Ainge,aaingei@yolasite.com,26385 Oak Valley Hill,BR,2300-000
23586979,Rollins,Fissenden,rfissendenj@instagram.com,74 Hagan Avenue,FR,41355 CEDEX
60264136,Raimund,Ashleigh Abercombe,rashleighk@baidu.com,72 East Drive,AR,9207
29936389,Brantley,Pettus,bpettusl@sakura.ne.jp,6976 Randy Place,CN,
22,Candi,Flewitt,cflewittm@theglobeandmail.com,0068 Westerfield Circle,CH,4085
47822113,Joycelin,Wooller,,72 Anniversary Court,,
89651513,Casey,Hawyes,chawyeso@photobucket.com,40224 Heath Junction,ID,
98071332,Rockie,Sego,rsegop@merriam-webster.com,570 Meadow Ridge Alley,CN,
37642625,Lesley,Freear,lfreearq@biglobe.ne.jp,34689 Forest Parkway,JP,631-0034
21710045,Miranda,Hampshaw,mhampshawr@diigo.com,4930 Straubel Parkway,AR,4631
15082483,Orbadiah,Gorsse,ogorsses@youtu.be,38612 Forest Dale Street,SE,405 10
12244446,Riley,,rbehnket@eventbrite.com,,BR,94000-000
7641787,Mignon,Longmate,mlongmate0@addthis.com,30857 Troy Park,US,27635
30138031,Romy,Cuningham,rcuningham1 dyndns.org,316 Talisman Road,US,48670
66537638,Anjela,Bevens,tbevens2@chronoengine.com,6 Kinsman Terrace,US,56789
37150007,Antonius,Stroban,astroban3@addthis.com,5600 Lakewood Gardens Terrace NW SE,US,1185
45011184,Rodger,Roderham,,02 Northland Place,US,85260
67740517,Ingrim,Ambrozewicz,iambrozewicz5youtube.com,252 1st Trail,US,21239
57372393,Emili,Filyukov,efilyukov6@scientificamerican.com,3697 Merrick Place,US,341025
55198479,Kirstin,Chevis,,82259 Toban Street,US,85215
69030,Fitzgerald III,,fgarner8@youku.com,13392 Thackeray Court,,76796
52051746,Viv,Strongitharm-Sorrentino,vstrongitharm9@irs.gov,865 Lyons Circle,US,
42842995,Nil,Mercy,,0392 Mcbride Court,US,92883
9376,Randi,Sannes,rsannesb@sina.com.cn,8 Reinke Place,US,94132
58572448,Harriett,Zettler,hzettlerc@salon.com,3 Acker Drive,US,71115
223852,Wandie,Doonican,wdoonicand@example.com,9224 Bartelt Park,US,7537
132835,,Dibsdale,,3318 Esker Point,US,
4851068,Harmonie,Geale-Adebra,hgealef@vimeo.com,6 School Terrace,US,328258
75551249,Mable,Cowern,mcowerng@cargocollective.com,8515 Trailsway Trail,,97296
22571632,Sheilah,Goodspeed,,,US,44105
88177399,Nananne,Dalziel,ndalzieli@yelp.com,0 Hollow Ridge Circle,US,
432552,Elsie,Emms,eemmsj@shinystat.com,654 Stang Court,US,43615
57373897,Alexandre,Pech,apechk@nhs.uk,62651 Carberry Center,US,3281
44872,Elvina,Tacon,etaconl@ebay.com,2715 Mcbride Place,US,6316
426466,Sheilakathryn,Tadman,stadmanm@4shared.com,0 Schiller Circle,US,77305
11860492,Torey,Quipp,,0058 West Point,US,95064
3084272,,Brooksby,tbrooksbyo@discovery.com,0 Eggendart Avenue,US,76121
7172,Land,,lromerilp@amazonaws.com,875 Hollow Ridge Center Rd. NW,US,302459
9490391,Allayne,Benit,,5 Steensland Road,,95833
5166808,Ellene,Kelcey,ekelceyr@webnode.com,53541 Emmet Drive,US,
88341667,Diarmid,Langhorn,dlanghorns@issuu.com,211 Eggendart Hill,US,4026
45832730,Nevile,Catterill Walley,ncatterillt@google.es,4 Daystar Way,US,28230
27939758,Mata,Musicka,mmusicka0@abc.net.au,66 Declaration Court,CA,S8M4F7
226973,Lawry,Lyfe,llyfe1@whoint,116 John Wall Circle,CA,X4A 0J7
50024419,Kit Jr.,Drance,kdrance2@sphinn.com,4 Norway Maple Court,CA,CCC 9Q6
52076961,Roldan,Harcarse,rharcarse3@photobucket.com,9 Tomscot Park,CA,A2U0D3
73056514,Sioux,,,4307 Mitchell Crossing,CA,K8O 0S6
596734,Shelagh,Cheales,scheales5@plala.or.jp,878 Carberry Road,CA,
84982429,Wolf,Showte,wshowte6@webmd.com,,CA,T7Q 0G0
55208,Karlyn,Lambourn,klambourn7@so-net.ne.jp,5491 Coolidge Hill,CA,B8M 2K8
34588904,Brewer,Illingsworth,billingsworth8@nytimes.com,1 Rieder Crossing,CA,N8G-0N3
46691995,Thorsten,MacKeller,tmackeller9@chron.com,0 Mosinee Road,CA,B8M 2K8
534026,Jillie,Braidley,jbraidleya@e-recht24.de,1451 Aberg Pass,CA,B0Q1F4
36296756,Kalila,Limeburner Andreas,klimeburnerb@clickbank.net,8319 Crowley Road,CA,P5Z 8E4
,Cleve,Prestage,cprestagec@chron.com,216 Westridge Park,CA,B8G 1Y0
55742470,Shana Sr.,Semorad,,17 Holy Cross Court,CA,N8N-1I5
35309943,Nicolis,Baseke,nbasekee@blogs.com,24430 Everett Lane,CA,S1N5J1
70620065,Fredi,Probate,fprobatef@free.fr,9992 Duke Parkway,CA,
19041093,Anselma,Pavinese,apavineseg@xing.com,,CA,E0W 1W
74906,Murial,,mconochieh@freewebs.com,76 Graedel Pass,CA,X6K 7I6
63226646,Ruthie,Kearle,rkearlei@bbb.org,4 Bay Court,CA,E1F 7A7
,,Dyer,mdyerj@google.co.uk,367 Fairfield Trail,CA,L8H 5X3
47943431,Nichole,Hawker,nhawkerk @ berkeley . Edu,795 Dwight Alley,,J8G-6R6
6932,Trixy,Curthoys,tcurthoysl@taobao.com,725 Commercial Way,CA,A1C 1H2
89944075,Nonah Sr.,Martyn,nmartynm@hhs.gov,189 Fuller Place,CA,
160,Valeda,Corish,vcorishn@unicef.org,038 Oak Valley Drive Ave. SE,CA,E0T 1X2
65814,Briny,Demange,,79 Eastwood Drive,CA,B7H 8N4
20732995,Jerrie,Clohissy,jclohissyp@jiathis.com,1 Heath Hill,,S2M8Q7
186617,Cal,Lorinez,clorinezq@phpbb.com,11 Doe Crossing Court,CA,J8G 1G6
98807441,Amargo,Bussel,abusselr @ usnews . com,,CA,
16434589,,Grout,agrouts@blogger.com,8210 Delaware Road,CA,H2X0K1
5670891,Erwin,Lourens,elourenst@mayoclinic.com,00594 7th Center,CA,C3H 6L4
